{"stats":{"minecraft:used":{"ecologics:coconut_slice":3,"minecraft:oak_boat":2},"minecraft:dropped":{"minecraft:sand":1,"ecologics:coconut_slice":2,"ecologics:coconut_husk":2,"minecraft:oak_boat":1},"minecraft:picked_up":{"ecologics:coconut_slice":4,"minecraft:sand":1},"minecraft:mined":{"minecraft:sand":1},"minecraft:custom":{"minecraft:time_since_rest":293194,"minecraft:open_chest":2,"minecraft:crouch_one_cm":151,"minecraft:sprint_one_cm":84555,"minecraft:play_time":293194,"minecraft:damage_taken":10,"minecraft:walk_one_cm":134331,"minecraft:sneak_time":1687,"minecraft:walk_under_water_one_cm":2821,"minecraft:drop":6,"minecraft:boat_one_cm":190980,"minecraft:jump":257,"minecraft:leave_game":12,"minecraft:walk_on_water_one_cm":3111,"minecraft:time_since_death":293194,"minecraft:climb_one_cm":1468,"minecraft:total_world_time":306355,"minecraft:swim_one_cm":12533,"minecraft:talked_to_villager":1,"minecraft:fall_one_cm":2125,"minecraft:fly_one_cm":2464388}},"DataVersion":3465}