{"stats":{"minecraft:used":{"ecologics:coconut_slice":3,"minecraft:dirt":1,"minecraft:oak_boat":2,"minecraft:experience_bottle":31},"minecraft:picked_up":{"ecologics:coconut_slice":4,"minecraft:sand":1,"minecraft:dirt":1},"minecraft:dropped":{"minecraft:sand":1,"ecologics:coconut_slice":2,"ecologics:coconut_husk":2,"minecraft:oak_boat":1},"minecraft:mined":{"minecraft:grass_block":1,"minecraft:sand":1},"minecraft:custom":{"minecraft:time_since_rest":304535,"minecraft:open_chest":2,"minecraft:crouch_one_cm":151,"minecraft:sprint_one_cm":101007,"minecraft:play_time":304535,"minecraft:damage_taken":10,"minecraft:walk_one_cm":155271,"minecraft:sneak_time":1687,"minecraft:walk_under_water_one_cm":2821,"minecraft:drop":6,"minecraft:boat_one_cm":190980,"minecraft:jump":295,"minecraft:damage_dealt":20,"minecraft:leave_game":13,"minecraft:walk_on_water_one_cm":3111,"minecraft:time_since_death":304535,"minecraft:climb_one_cm":1468,"minecraft:total_world_time":317696,"minecraft:swim_one_cm":12533,"minecraft:talked_to_villager":1,"minecraft:fall_one_cm":2125,"minecraft:fly_one_cm":2467305}},"DataVersion":3465}